company_code,pc_id,pc_name
US001,HSE001,hardware_server_SE
US001,SSE001,saas_SE
US001,PSE001,paas_SE
US001,CSE001,consulting_SE
US001,RDS001,research_development_sl
US001,HKG001,hardware_server_KG
US001,SKG001,saas_KG
US001,PKG001,paas_KG
US001,CKG001,consulting_KG
US001,HSP001,hardware_server_SP
US001,SSP001,saas_SP
US001,PSP001,paas_SP
US001,CSP001,consulting_SP
US001,HOY001,hardware_server_OY
US001,SOY001,saas_OY
US001,POY001,paas_OY
US001,COY001,consulting_OY
US001,MAR001,marketing_department
US001,ADM001,administration_department
US001,OPS001,operation_department
US001,ENG001,engineering_department
US001,HRD001,HR
US001,FIN001,finance_department