Ocean Stream,,,
Balance Sheet,,,
USD $,,,
,,,as of 2021-03-31
Assets,,,
,Current assets,,
,,Cash and cash equivalent,-86165817.0
,,Inventory,
,,Account receivables,89741630.0
,,Prepaid expenses,
,,,
,Total current assets,,3575813.0
,,,
,Noncurrent assets,,
,,Property and Equipment,
,,- Accumulated depreciation,
,,Net Property and Equipment,
,,Other assets,
,Total Noncurrent assets,,0
Total Assets,,,3575813.0
,,,
Liabilities,,,
,Current liabilities,,
,,Account payables,3722970.0
,,Tax payable,8172850.0
,,Accrued expenses,
,,Unearned revenue,
,Total current liabilities,,11895820.0
,,,
Total Liabilities,,,
,,,
Shareholder's Equity,,,
,,Equity capital,10000000.0
,,Retained Earnings,
Total Shareholder's Equity,,,10000000.0
,,,
Total Liabilities & Total Shareholder's Equity,,,21895820.0
Check!!,Balance Sheet,isn't balanced,check and correct!
The difference is:,,,-18320007.0
