Customer Name,Phone number,Total current AR,Within 10 days,Within 20 days ,Within 30 days,Over 30 days
"Moore,Nancy",253-142-1203,11880,0,0,11880.00,0
"Shaffer,Lauren",360-142-5658,2530,0,0,2530.00,0
"Simmons,Christine",360-824-4638,5170,0,0,5170.00,0
"Wells,Jessica",509-260-1774,11220,0,0,11220.00,0
"Flowers,Benjamin",360-713-6103,4290,0,0,4290.00,0
"Hampton,Mary",999-582-8501,6820,0,0,6820.00,0
"Brown,William",206-241-3216,15950,0,0,15950.00,0
"Gonzales,Lisa",360-594-5329,3577310,0,0,0,3577310.00
"Thompson,Samantha",206-227-3298,4730,0,0,0,4730.00
"Nelson,Mary",360-730-6384,3705240,0,0,0,3705240.00
"Skinner,Elizabeth",509-683-7218,1430,0,0,0,1430.00
"Stanley,Richard",360-924-6891,6160,0,0,0,6160.00
"Mason,Cheryl",253-681-3174,2970,0,0,0,2970.00
"Perry,Kenneth",425-503-4253,11440,0,0,11440.00,0
"Wilson,Ashley",425-803-6046,11990,0,0,0,11990.00
"Graham,Jason",425-314-7988,1650,0,0,0,1650.00
"Perez,Rachel",253-992-1064,19800,0,19800.00,0,0
"Maynard,George",360-939-9306,3575000,0,0,0,3575000.00
"Cunningham,Stephen",253-621-3266,8030,0,0,8030.00,0
"Hoffman,Andrew",360-347-1087,7150,0,7150.00,0,0
"Mendoza,Gerald",360-158-4670,8140,0,0,0,8140.00
"Walton,Sarah",509-395-6938,2970,0,2970.00,0,0
"Ramirez,Kyle",425-743-5368,12540,0,0,0,12540.00
"Price,Judith",360-606-3846,1980,0,0,0,1980.00
"Ford,Zachary",253-561-9639,5610,0,5610.00,0,0
"Douglas,Christina",360-674-3587,1320,0,0,1320.00,0
"Grant,Catherine",509-395-6938,58520,0,0,0,58520.00
"Gutierrez,Jordan",509-336-6281,7260,0,7260.00,0,0
"White,Margaret",509-811-9116,31350,0,0,31350.00,0
"Peterson,Margaret",425-404-8525,9350,0,0,9350.00,0
"Smith,Angela",206-906-7132,44000,0,0,0,44000.00
"Lara,Sharon",360-788-2596,15400,0,0,0,15400.00
"Steele,Susan",509-361-3566,3080,0,3080.00,0,0
"Thomas,Edward",253-530-2693,11220,0,0,0,11220.00
"Clark,Michael",253-320-9078,2970,0,0,2970.00,0
"Kerr,Paul",509-100-8394,7370,0,0,7370.00,0
"Park,Stephen",360-543-4693,8470,0,0,0,8470.00
"Contreras,Bruce",509-729-5899,2970,0,0,0,2970.00
"Smith,Stephen",206-601-4391,42020,0,0,0,42020.00
"Cook,Judy",206-657-7527,16940,0,0,0,16940.00
"Mcfarland,Joseph",360-288-1700,2970,0,0,2970.00,0
"Moreno,Judith",360-422-1276,12210,0,0,0,12210.00
"Howard,Evelyn",425-551-3863,3300,0,0,0,3300.00
"Chan,Christopher",509-753-4728,123200,0,0,0,123200.00
"Larson,Robert",253-811-8558,6270,0,0,0,6270.00
"Sanders,Stephen",360-685-4550,1540,0,0,0,1540.00
"Boyd,Sarah",253-452-9375,9460,0,0,9460.00,0
"Hernandez,Susan",425-855-6702,3740440,0,0,3740440.00,0
"Stephens,Logan",425-145-6736,12870,0,0,12870.00,0
"Clark,Joshua",253-550-3433,9350,0,0,0,9350.00
"Gilbert,Arthur",360-675-4697,12100,0,0,0,12100.00
"Nelson,Ryan",360-989-7921,4290,0,0,4290.00,0
"Hernandez,Dennis",425-114-5731,60500,0,0,60500.00,0
"Diaz,John",425-317-6847,1320,0,0,0,1320.00
"Clark,Cheryl",253-881-6792,61380,0,0,0,61380.00
"Sanchez,Kelly",425-674-2181,4290,0,0,0,4290.00
"Johnson,Charlotte",206-286-8386,10230,0,0,0,10230.00
"Miller,Barbara",206-879-5842,2750,0,0,0,2750.00
"Cook,Robert",253-847-7724,27720,0,27720.00,0,0
"Hill,Thomas",425-845-3208,40920,0,0,0,40920.00
"Smith,Donna",206-535-6313,3080,0,0,3080.00,0
"Harvey,Jennifer",360-696-4002,2970,0,0,0,2970.00
"Hale,William",360-538-4254,3575000,0,0,3575000.00,0
"Fowler,James",360-696-4738,2640,0,0,2640.00,0
"Cox,Ethan",425-104-2124,30250,0,0,0,30250.00
"Howard,Kenneth",425-830-7831,3410,0,0,0,3410.00
"Harrington,William",360-220-8976,162250,0,0,162250.00,0
"Ross,Eric",425-544-6854,5170,0,0,0,5170.00
"Davis,Frank",206-976-3469,6270,0,0,6270.00,0
"Alvarez,James",253-160-5650,1320,0,0,1320.00,0
"Howard,Barbara",425-182-6246,2970,0,0,0,2970.00
"Marshall,Eric",253-498-5296,6820,0,0,6820.00,0
"Mercer,Charles",360-821-6344,9240,0,0,0,9240.00
"Reid,Amanda",253-514-4773,1650,0,1650.00,0,0
"Garner,Mary",360-314-5806,16500,0,0,0,16500.00
"Vega,Betty",360-470-2638,2970,0,0,2970.00,0
"Conley,Barbara",509-851-8409,6600,0,0,0,6600.00
"Smith,Susan",206-210-1396,32890,0,0,0,32890.00
"Love,Samuel",509-140-8514,1870,0,0,1870.00,0
"Floyd,Judith",360-986-3951,16280,0,0,0,16280.00
"Jackson,Jeremy",509-751-8584,1650,0,0,1650.00,0
"Washington,Jessica",425-567-5183,15180,0,0,0,15180.00
"Dickson,Barbara",509-797-4730,27720,0,0,0,27720.00
"Richardson,Joyce",253-723-6868,11550,0,0,11550.00,0
"Ferrell,Christian",509-404-7306,29700,0,0,29700.00,0
"Reeves,William",360-135-5239,1320,0,0,0,1320.00
"Hopper,Vincent",360-935-4208,440,0,0,440.00,0
"Austin,Stephanie",509-415-6150,6710,0,0,6710.00,0
"Robbins,Judith",360-517-8258,4840,0,0,0,4840.00
"Cummings,Linda",360-110-1121,1430,0,0,0,1430.00
"Adams,Anthony",360-103-3136,135850,0,0,0,135850.00
"Edwards,Isabella",206-352-3898,11770,0,0,0,11770.00
"Hawkins,Brandon",425-155-2838,2530,0,0,0,2530.00
"Jimenez,Frank",425-347-7841,1650,0,0,0,1650.00
"Sanford,Mary",509-439-2789,69300,0,0,69300.00,0
"Quinn,David",360-824-6627,1870,0,0,0,1870.00
"Robinson,Teresa",253-398-9363,4950,0,0,0,4950.00
"Peters,Carolyn",360-370-9836,11550,0,0,0,11550.00
"Pickett,Kevin",509-431-8082,4620,0,0,4620.00,0
"Johns,Michael",360-800-3181,1650,0,0,1650.00,0
"Patterson,Nicholas",360-422-6807,9020,0,0,0,9020.00
"Woodard,Joseph",360-243-4268,1320,0,0,0,1320.00
"Boyd,James",253-904-4345,7040,0,7040.00,0,0
"Barnes,Jennifer",425-931-3934,7260,0,0,7260.00,0
"Klein,John",360-513-6179,6820,0,0,6820.00,0
"Gonzalez,Cheryl",360-439-2789,3410,0,0,3410.00,0
"Brennan,Richard",360-931-8067,12540,0,0,0,12540.00
"Koch,Jeffrey",360-955-3815,170940,0,0,0,170940.00
"Hunter,Rebecca",360-290-3448,14190,0,0,0,14190.00
"Martin,Alan",206-452-1279,39600,0,0,0,39600.00
"Alvarado,Nicholas",360-576-9694,3331680,0,3331680.00,0,0
"Maxwell,Dorothy",360-715-9009,1320,0,0,0,1320.00
"Ramirez,Paul",425-677-8939,113850,0,0,113850.00,0
"Warner,Nicholas",360-869-9143,99550,0,0,0,99550.00
"Davis,Mary",253-937-8396,13640,0,0,13640.00,0
"Rivera,Angela",425-974-9275,4290,0,0,0,4290.00
"Bennett,William",425-288-6319,3600080,0,0,0,3600080.00
"Crawford,Nancy",360-974-4159,5940,0,0,0,5940.00
"Green,Randy",253-984-1099,5830,0,0,5830.00,0
"Mooney,Edward",509-990-7218,4950,0,0,4950.00,0
"Finch,Betty",509-413-5770,21120,0,0,0,21120.00
"Hancock,Christopher",509-416-8465,64130,0,0,0,64130.00
"Cunningham,Alan",253-873-3932,4840,0,0,0,4840.00
"Davis,Charlotte",509-490-3562,2970,0,0,0,2970.00
"Trujillo,David",509-454-4388,161700,0,0,0,161700.00
"Coleman,James",509-598-9694,2970,0,0,0,2970.00
"Mcconnell,Charlotte",509-215-9906,8360,0,0,0,8360.00
"Wood,Lisa",425-111-4244,38940,0,0,38940.00,0
"Dixon,Paul",509-881-6792,6380,0,0,6380.00,0
"Russell,Betty",206-195-7436,12210,0,0,12210.00,0
"Mitchell,Gabriel",253-857-2257,1320,0,0,1320.00,0
"Dotson,Grace",360-419-4469,13420,0,0,0,13420.00
"Weaver,Maria",253-606-7736,60500,0,0,60500.00,0
"Brown,Emily",206-194-1571,3960,0,0,0,3960.00
"Becker,Mary",360-537-1775,1320,0,0,1320.00,0
"Anderson,Danielle",253-277-7512,11660,0,0,0,11660.00
"Boyd,Kyle",253-401-4536,13970,0,0,13970.00,0
"Lewis,Melissa",425-967-4401,5390,0,0,0,5390.00
"Davis,Lisa",509-678-4840,10230,0,0,0,10230.00
"Spencer,John",253-967-3222,4510,0,0,0,4510.00
"Lowe,Melissa",360-238-3358,1650,0,0,1650.00,0
"Ramirez,Kimberly",425-570-6619,5280,0,0,0,5280.00
"Roach,Jason",360-833-3507,4950,0,0,0,4950.00
"Barnes,Matthew",425-739-5069,7150,0,0,0,7150.00
"Ellis,Joseph",360-564-1776,6490,0,0,0,6490.00
"Johnson,Doris",206-553-2879,8360,0,0,8360.00,0
"Green,Patrick",253-153-9532,32340,0,0,32340.00,0
"Parker,William",425-868-1849,12650,0,0,0,12650.00
"Johnson,Harold",206-283-6429,61710,0,0,61710.00,0
"Smith,Stephen",206-314-3278,1650,0,0,0,1650.00
"Garrett,Robert",360-796-2287,3707330,0,0,3707330.00,0
"Carpenter,Laura",509-293-9059,119680,0,0,0,119680.00
"Morrison,James",253-329-9786,11770,0,11770.00,0,0
"Flores,David",425-121-4669,4290,0,0,4290.00,0
"Graham,Justin",425-265-4447,5610,0,0,5610.00,0
"Buchanan,Heather",509-516-9070,7040,0,0,0,7040.00
"Scott,John",425-663-7132,3325850,0,0,3325850.00,0
"Williams,John",206-578-5059,9240,0,0,9240.00,0
"Bennett,Sarah",425-167-4102,1650,0,0,0,1650.00
"Finch,Mark",509-310-2074,15510,0,0,15510.00,0
"Daniels,Betty",425-720-1122,3736150,0,0,3736150.00,0
"Weaver,Ronald",999-955-6762,24750,0,0,0,24750.00
"Lewis,Matthew",425-118-5258,18150,0,0,0,18150.00
"Davis,Bryan",509-372-3777,770,0,0,0,770.00
"Stewart,Elizabeth",425-741-5634,1650,0,0,1650.00,0
"Wright,Kathryn",425-753-4728,3300,0,0,3300.00,0
"Ross,Victoria",425-360-3641,6710,0,6710.00,0,0
"Conley,Joseph",509-346-2296,6710,0,0,0,6710.00
"Garza,George",360-888-4254,12760,0,0,0,12760.00
"Clayton,Matthew",360-406-4265,1320,0,0,0,1320.00
"Ray,Justin",360-489-2593,35750,0,0,35750.00,0
"Gomez,Jonathan",253-619-5030,16500,0,16500.00,0,0
"Taylor,Patrick",253-406-4914,9020,0,9020.00,0,0
"Jennings,Sarah",360-817-6608,15840,0,0,0,15840.00
"Mills,John",999-759-6580,20900,0,0,20900.00,0
"Floyd,Carl",360-444-3013,1650,0,0,0,1650.00
"Whitley,Kelly",509-317-6936,3576430,0,0,3576430.00,0
"Collins,Gloria",425-369-9732,1650,0,0,1650.00,0
"Baldwin,Christian",360-386-6046,2860,0,0,0,2860.00
"Taylor,William",360-462-2111,5500,0,0,0,5500.00
"Freeman,Logan",253-629-8246,9130,0,0,9130.00,0
"Hall,Adam",253-460-7261,7590,0,0,7590.00,0
"Mckay,Nathan",509-264-2849,130350,0,0,0,130350.00
"Buchanan,Bobby",509-899-4956,11220,0,0,11220.00,0
"Donaldson,Sara",509-972-4096,3606240,0,0,0,3606240.00
"Miller,Karen",253-346-2296,106150,0,0,0,106150.00
"Webb,Michael",509-711-9346,3850,0,0,0,3850.00
"Herman,Deborah",509-390-9809,1650,0,0,1650.00,0
"Howard,David",425-639-8453,66000,0,0,0,66000.00
"Love,Jacob",509-213-7680,10560,0,0,0,10560.00
"Munoz,Scott",360-495-7634,3190,0,0,3190.00,0
"Newman,Jennifer",360-907-5040,11220,0,0,11220.00,0
"Ramsey,Sharon",253-377-2277,81950,0,0,0,81950.00
"Wise,Joshua",999-172-7940,17380,0,0,0,17380.00
"Williams,Shirley",206-402-2208,1320,0,0,0,1320.00
"Lynch,Henry",360-110-1121,64900,0,0,64900.00,0
"Davis,Christopher",206-816-9100,87670,0,87670.00,0,0
"West,Jack",253-343-4810,6930,0,0,0,6930.00
"Austin,Richard",360-750-6615,16500,0,0,0,16500.00
"Simmons,Robert",360-664-2258,2970,0,0,0,2970.00
"England,William",509-294-5776,83490,0,0,0,83490.00
"Phillips,Scott",360-523-3720,17820,0,0,0,17820.00
"Turner,Frances",425-933-7313,3300000,0,0,0,3300000.00
"Goodwin,Peter",509-479-8186,5280,0,0,0,5280.00
"Campbell,Elizabeth",206-179-7747,7590,0,0,7590.00,0
"Wood,Carol",425-575-3063,1320,0,0,0,1320.00
"Thompson,Samantha",206-215-1214,15180,0,0,0,15180.00
"Harris,Melissa",206-677-7102,21450,0,0,0,21450.00
"Stout,Roger",360-870-1552,1320,0,0,1320.00,0
"Nelson,Michelle",206-731-3747,15290,0,0,0,15290.00
"Harris,Cynthia",206-879-9325,4290,0,0,0,4290.00
"Jarvis,Emily",509-598-9694,70290,0,70290.00,0,0
"Bush,James",360-123-9736,126720,0,0,126720.00,0
"Hall,Ralph",253-656-4122,4950,0,0,0,4950.00
"Chapman,Doris",425-712-9717,6270,0,0,0,6270.00
"Hansen,John",253-522-6384,2970,0,0,2970.00,0
"Pearson,Alexis",360-968-8404,3729880,0,0,0,3729880.00
"Boyle,Douglas",509-443-3994,7040,0,0,7040.00,0
"Bell,James",509-502-2708,4950,0,0,0,4950.00
"Dean,Nathan",360-544-6854,2970,0,0,2970.00,0
"Jones,Christina",206-656-4122,6710,0,0,0,6710.00
"Henry,James",253-867-5598,10450,0,0,10450.00,0
"Carson,Carol",360-864-1231,5170,0,0,0,5170.00
"Vargas,Randy",360-502-9623,3300,0,0,0,3300.00
"Ramsey,Amy",253-797-6620,2970,0,0,0,2970.00
"Wilson,Dorothy",425-278-7297,9570,0,0,0,9570.00
"Thornton,Cynthia",360-320-3502,22440,0,0,22440.00,0
"Reeves,Mark",360-127-9965,9020,0,0,0,9020.00
"Ortega,Kelly",425-477-8642,8690,0,0,0,8690.00
"Jones,Emily",206-894-9924,3960,0,0,0,3960.00
"Wood,Robert",425-310-1922,1320,0,0,1320.00,0
"Chandler,Mary",360-901-7083,2970,0,0,0,2970.00
"Jackson,Barbara",509-151-2668,1320,0,0,1320.00,0
"Jones,David",206-351-3026,220,0,0,0,220.00
"Martin,William",206-336-5720,3300,0,0,0,3300.00
"Evans,Michael",206-317-6847,3417480,0,3417480.00,0,0
"Fox,Eric",253-260-1518,4620,0,0,0,4620.00
"Perkins,Eric",425-193-2688,1650,0,0,1650.00,0
"Riggs,Austin",509-518-9647,1320,0,0,1320.00,0
"Miller,Janet",206-422-7699,29370,0,29370.00,0,0
"Adams,Cheryl",360-138-3987,6820,0,0,0,6820.00
"White,Ralph",509-206-1343,3601400,0,3601400.00,0,0
"Ware,Nathan",509-539-2188,5830,0,0,0,5830.00
"Hood,Kimberly",360-947-7246,1650,0,0,1650.00,0
"Foster,Frances",360-182-4624,63910,0,63910.00,0,0
"Graves,Adam",425-384-3549,4840,0,0,0,4840.00
"Mckay,Aaron",509-209-1498,4290,0,0,0,4290.00
"Brooks,Robert",206-880-2402,11550,0,0,0,11550.00
"Torres,Joseph",253-571-1593,3676530,0,0,0,3676530.00
"Mathews,Nathan",360-477-2527,2970,0,0,0,2970.00
"Taylor,Donald",425-437-9398,7370,0,0,0,7370.00
"Mitchell,Jonathan",253-758-6312,1320,0,1320.00,0,0
"Farley,Matthew",360-406-9996,44550,0,0,0,44550.00
"Patton,Joseph",425-783-8487,23100,0,0,0,23100.00
"Durham,Stephen",509-683-7218,144210,0,0,0,144210.00
"Johnson,Robert",206-874-2584,6050,0,0,0,6050.00
"Green,Shirley",253-135-1327,9240,0,9240.00,0,0
"Diaz,Kelly",425-442-1027,6930,0,0,0,6930.00
"Cook,Laura",206-845-1862,4290,0,0,0,4290.00
"Wright,Donald",425-951-7693,6380,0,0,0,6380.00
"Smith,Louis",206-583-4136,10340,0,0,0,10340.00
"Yates,Kelly",360-298-5579,2970,0,0,0,2970.00
"Rosario,Virginia",509-151-3011,70290,0,0,0,70290.00
"Gardner,John",253-405-6701,12320,0,0,0,12320.00
"Bailey,Sara",509-142-3668,13970,0,0,0,13970.00
"King,Willie",360-129-4727,11110,0,11110.00,0,0
"Thomas,Patrick",509-701-5693,1320,0,0,0,1320.00
"Chavez,Jeremy",509-558-6921,22440,0,0,22440.00,0
"Norris,Daniel",360-583-3543,8140,0,0,0,8140.00
"Griffin,Linda",206-236-6748,2970,0,0,2970.00,0
"Thompson,Theresa",206-217-2090,660,0,0,0,660.00
"Hicks,William",360-741-5634,7810,0,0,0,7810.00
"Sparks,Isabella",360-333-5887,5830,0,0,5830.00,0
"Smith,Melissa",206-334-3657,3960,0,0,0,3960.00
"Stanley,Michael",360-429-3694,1650,0,0,0,1650.00
"Hudson,Joan",425-587-4769,28050,0,0,0,28050.00
"Greer,Robert",360-517-2311,6160,0,0,0,6160.00
"Carey,Jeffrey",509-836-1208,11660,0,0,11660.00,0
"Petersen,Amy",509-379-9615,3960,0,0,0,3960.00
"Taylor,Johnny",360-344-5423,16720,0,0,0,16720.00
"Irwin,Ralph",360-851-6639,6270,0,0,0,6270.00
"Simon,Madison",360-927-3578,4400,0,0,4400.00,0
"Jackson,Michael",509-133-4035,8910,0,0,8910.00,0
"Fisher,Benjamin",509-517-7615,3850,0,0,0,3850.00
"Roberts,Kimberly",425-663-7132,4730,0,0,0,4730.00
"Gibson,John",425-954-5686,6930,0,0,6930.00,0
"Lowery,Michael",360-506-4419,12100,0,0,0,12100.00
"Fulton,Tyler",509-902-7777,15840,0,15840.00,0,0
"Ortiz,David",253-386-5501,7700,0,7700.00,0,0
"Martin,Emily",206-478-5914,6380,0,0,6380.00,0
"Fisher,John",360-522-6384,2970,0,0,2970.00,0
"Smith,Daniel",206-351-4009,8690,0,0,0,8690.00
"Chambers,Michael",360-310-4878,1320,0,0,0,1320.00
"Duke,Michael",360-822-2336,20240,0,0,20240.00,0
"Edwards,John",206-425-8668,9460,0,0,0,9460.00
"Stephens,Raymond",425-759-4997,12210,0,12210.00,0,0
"Vaughn,Kathleen",360-826-8623,88000,0,0,0,88000.00
"West,Christopher",253-502-2708,66000,0,0,0,66000.00
"Stewart,Michael",425-406-9882,4950,0,0,4950.00,0
"Byrd,Edward",360-482-4615,9130,0,0,9130.00,0
"Martin,Jack",206-477-9427,1320,0,0,0,1320.00
"Haynes,Bobby",360-855-8871,12980,0,0,0,12980.00
"Johnston,Kathryn",253-825-3993,2970,0,0,0,2970.00
"Rose,Lisa",360-109-2993,1760,0,0,0,1760.00
"Brooks,Anthony",206-944-8482,1650,0,0,0,1650.00
"Jones,Martha",206-118-4736,3582920,0,0,3582920.00,0
"Rodriguez,Robert",253-716-2411,8030,0,0,8030.00,0
"Stewart,Kevin",425-766-4294,6930,0,0,0,6930.00
"Jones,Linda",206-749-1170,7480,0,0,0,7480.00
"Nguyen,Deborah",360-365-6221,19580,0,19580.00,0,0
"Jordan,Linda",253-464-3113,1650,0,0,1650.00,0
"Jackson,John",509-347-3682,2970,0,0,2970.00,0
"Cannon,Virginia",509-727-6041,3742860,0,3742860.00,0,0
"Gilbert,Barbara",360-264-1706,2970,0,0,0,2970.00
"Rodriguez,Edward",425-657-7720,6270,0,0,0,6270.00
"Davis,Jesse",509-389-5591,7590,0,0,0,7590.00
"Stewart,Jennifer",425-924-6891,1320,0,0,0,1320.00
"Rollins,Paul",999-364-9467,10340,0,0,10340.00,0
"Gray,Madison",425-563-9165,14520,0,0,0,14520.00
"Marks,Mary",360-764-2927,2970,0,0,0,2970.00
"Jacobs,Maria",253-190-4229,18810,0,0,0,18810.00
"Phillips,Deborah",360-366-3346,990,0,0,0,990.00
"Brown,James",206-309-4961,11880,0,0,11880.00,0
"Edwards,Patrick",425-274-2298,1320,0,0,1320.00,0
"Williams,William",206-830-1208,44880,0,0,0,44880.00
"Young,Thomas",425-103-9888,3300,0,0,0,3300.00
"Robbins,Amy",360-855-1420,3372930,0,0,3372930.00,0
"Savage,Stephanie",360-980-5315,1650,0,0,0,1650.00
"Cain,Linda",253-196-2115,1320,0,0,0,1320.00
"Anderson,Megan",253-152-5487,8250,0,8250.00,0,0
"Baker,David",360-300-6778,3960,0,0,3960.00,0
"Smith,Elizabeth",206-631-9968,4180,0,0,0,4180.00
"Hunter,Mary",360-587-4769,4290,0,0,0,4290.00
"Jones,Robert",206-685-4550,15400,0,0,0,15400.00
"Fry,Amanda",360-379-5174,1320,0,0,0,1320.00
"Mendoza,Ashley",360-561-7220,25850,0,25850.00,0,0
"Spencer,Donald",253-847-7724,61380,0,0,0,61380.00
"Wood,Brian",425-378-5054,12320,0,0,12320.00,0
"Adams,Jeremy",253-915-6286,31350,0,0,31350.00,0
"Murray,Janice",253-210-7010,1320,0,0,1320.00,0
"Smith,Joseph",206-175-4307,8360,0,0,0,8360.00
"Reed,Natalie",206-267-4174,6270,0,0,0,6270.00
"Sandoval,Stephen",360-310-2074,9240,0,0,0,9240.00
"Jones,Shirley",206-293-9059,2970,0,0,0,2970.00
"Estrada,Robert",360-677-5175,1320,0,1320.00,0,0
"Carter,Jason",253-170-4629,8800,0,0,0,8800.00
"Parker,Thomas",425-584-1897,13310,0,13310.00,0,0
"Walker,Amy",253-623-3165,6600,0,0,0,6600.00
"Baker,Robert",360-948-8468,11660,0,0,11660.00,0
"Cooper,Christopher",253-796-8321,4950,0,0,0,4950.00
"Petty,Helen",360-750-1209,11110,0,0,0,11110.00
"Davis,Karen",509-290-2833,13860,0,0,13860.00,0
"Ballard,Michael",360-248-5025,1650,0,0,0,1650.00
"Ellis,Joseph",360-688-6524,2640,0,2640.00,0,0
"Howard,Thomas",425-930-4100,10670,0,0,10670.00,0
"Mcfadden,Richard",999-631-7044,87120,0,0,0,87120.00
"Miller,Justin",206-830-1208,2970,0,2970.00,0,0
"Jackson,Steven",509-384-2177,4730,0,0,0,4730.00
"Wiggins,Edward",360-989-7218,1320,0,1320.00,0,0
"Davis,Edward",509-309-4961,4950,0,0,4950.00,0
"Norton,Martha",509-460-4697,12320,0,0,0,12320.00
"Gallagher,Justin",509-651-2561,57970,0,0,57970.00,0
"Best,Jonathan",360-162-2337,31350,0,0,0,31350.00
"Moore,Nicholas",253-538-4137,8250,0,0,8250.00,0
"Hoffman,Sarah",360-345-2031,13310,0,0,0,13310.00
"Lopez,Brian",425-939-9306,5280,0,0,5280.00,0
"Sharp,Gabriel",360-865-7965,4620,0,0,4620.00,0
"Conley,Justin",509-977-6042,4620,0,0,0,4620.00
"Smith,Barbara",206-338-1579,42570,0,42570.00,0,0
"Johnson,Arthur",206-893-4770,6710,0,0,6710.00,0
"Jones,Kenneth",206-290-2833,10670,0,0,0,10670.00
"Leach,Shirley",360-623-5630,2970,0,0,2970.00,0
"Wong,Mary",360-894-3292,1320,0,0,1320.00,0
"Bond,Stephen",509-895-6416,15730,0,0,0,15730.00
"Morgan,Samuel",253-278-5844,6270,0,0,0,6270.00
"William,Robert",509-915-6184,3671250,0,3671250.00,0,0
"Barrett,William",360-447-4042,2970,0,0,0,2970.00
"Miller,Patricia",206-528-7182,6160,0,0,0,6160.00
"Robbins,James",360-470-6914,8250,0,0,0,8250.00
"Jones,Robert",206-977-6861,11550,0,0,11550.00,0
"Johnson,Kathleen",206-222-6444,13860,0,0,0,13860.00
"Martin,Austin",206-146-8411,9240,0,0,0,9240.00
"Morse,James",425-396-9691,11660,0,0,11660.00,0
"Heath,Brenda",509-433-9376,10340,0,0,0,10340.00
"Watts,Kathleen",253-665-8472,2970,0,0,2970.00,0
"Torres,Bryan",253-975-5862,7040,0,0,7040.00,0
"Russell,Richard",206-280-6868,132000,0,0,0,132000.00
"Gonzalez,Jessica",360-460-5304,10120,0,0,0,10120.00
"Wilson,Brian",425-657-4669,4950,0,0,4950.00,0
"Oliver,Amanda",425-195-8148,2970,0,0,2970.00,0
"Haley,Carol",509-499-5735,10450,0,0,0,10450.00
"Burns,Julia",360-671-9354,14080,0,0,14080.00,0
"Roy,Randy",425-201-6296,5170,0,0,0,5170.00
"Martin,Joseph",206-900-8891,1980,0,0,0,1980.00
"Pratt,Amy",360-183-2763,6160,0,0,6160.00,0
"Lowery,Kevin",360-406-2116,4290,0,0,4290.00,0
"Lee,Brittany",509-503-2620,2970,0,0,0,2970.00
"Hernandez,Dennis",425-546-3832,2970,0,0,0,2970.00
"Hale,Larry",360-510-6370,1650,0,1650.00,0,0
"Walker,Jack",253-252-1773,2970,0,0,2970.00,0
"Grant,David",509-109-2993,12100,0,0,12100.00,0
"Montgomery,Heather",425-939-9306,120450,0,0,120450.00,0
"Francis,Judy",360-683-1683,1320,0,0,1320.00,0
"Byers,Katherine",509-790-7391,9570,0,0,0,9570.00
"Munoz,John",360-929-8973,6930,0,0,6930.00,0
"Miller,Joseph",253-495-7634,11000,0,0,11000.00,0
"Stewart,Willie",425-903-3741,1650,0,0,0,1650.00
"Smith,Maria",206-700-6672,10780,0,0,0,10780.00
"Murphy,Raymond",509-825-3993,6930,0,0,6930.00,0
"Hurley,Daniel",509-677-8939,16500,0,0,0,16500.00
"Hamilton,Dennis",253-389-8264,550,0,0,0,550.00
"Simpson,Amanda",509-759-1255,5500,0,0,5500.00,0
"Romero,Anthony",360-701-9860,6270,0,0,0,6270.00
"Simmons,Richard",360-521-1457,5610,0,0,0,5610.00
"Paul,Samantha",509-698-5908,4290,0,0,0,4290.00
"Reynolds,William",509-725-1385,51590,0,0,0,51590.00
"Robinson,Edward",253-698-3602,38280,0,0,0,38280.00
"Ware,Cynthia",509-550-6814,11660,0,0,0,11660.00
"Stark,Robert",509-542-5262,6160,0,0,6160.00,0
"Tran,Melissa",360-541-8823,8250,0,0,0,8250.00
"Cooley,Matthew",509-651-7980,5500,0,5500.00,0,0
"Lang,Frank",509-786-6257,17160,0,0,0,17160.00
"Bass,Lisa",360-349-5896,10890,0,0,10890.00,0
"Sutton,Wayne",360-975-6197,4510,0,0,0,4510.00
"Fisher,Donald",360-600-7762,1320,0,0,0,1320.00
"Schmidt,Susan",206-306-1687,1320,0,1320.00,0,0
"Hicks,Eugene",360-152-1405,3717890,0,0,0,3717890.00
"Miller,Donald",206-779-8764,7590,0,0,0,7590.00
"Parsons,Jose",509-157-2408,3960,0,0,0,3960.00
"Flores,Richard",425-104-4078,2420,0,0,0,2420.00
"Harris,Lawrence",206-685-4007,8250,0,0,0,8250.00
"Cannon,William",509-585-2485,1320,0,1320.00,0,0
"Watson,George",206-142-9453,1320,0,0,0,1320.00
"Wade,Louis",360-968-4511,4620,0,0,4620.00,0
"Rosales,Deborah",360-430-5441,3300,0,0,0,3300.00
"Rodriguez,Tyler",425-156-4483,6270,0,0,0,6270.00
"Rivera,Julia",425-444-1270,2530,0,0,0,2530.00
"Cole,Robert",253-587-5170,16170,0,0,16170.00,0
"Scott,Stephen",253-824-4638,3080,0,3080.00,0,0
"Willis,Mary",360-640-9776,3581270,0,0,3581270.00,0
"Grant,Jerry",509-850-7046,2750,0,0,0,2750.00
"Martinez,Brandon",509-523-7476,9460,0,0,9460.00,0
"Greer,Kenneth",360-831-4557,11440,0,0,11440.00,0
"Shields,Linda",360-950-3404,54120,0,0,0,54120.00
"Campbell,Donald",206-629-8246,6270,0,0,0,6270.00
"Scott,Matthew",425-540-7260,1540,0,0,0,1540.00
"Sweet,James",509-443-3994,15950,0,0,15950.00,0
"Mendoza,Nicholas",360-574-8818,1650,0,0,0,1650.00
"Andrews,Thomas",253-699-3219,3190,0,3190.00,0,0
"Young,Anthony",425-653-2929,2640,0,0,0,2640.00
"Daniels,Roy",425-246-1672,85910,0,0,0,85910.00
"Gonzales,Cynthia",253-273-4622,5170,0,0,0,5170.00
"Patterson,Thomas",360-241-6339,220,0,0,0,220.00
"Warren,James",360-537-2878,1320,0,0,0,1320.00
"Maldonado,Virginia",360-392-9475,6270,0,0,0,6270.00
"Murray,Jessica",253-726-3558,1650,0,0,0,1650.00
"Wise,Joshua",999-121-4669,7590,0,0,0,7590.00
"Velez,Doris",425-260-1518,67650,0,0,67650.00,0
"Carrillo,Debra",509-520-7114,11000,0,0,0,11000.00
"White,Deborah",206-706-9015,3960,0,0,0,3960.00
"Patterson,Helen",360-874-4250,8250,0,0,8250.00,0
"Alvarez,Christopher",253-153-4816,2090,0,2090.00,0,0
"Rivera,Ryan",425-424-3834,107140,0,0,107140.00,0
"Phillips,Danielle",425-818-9698,42900,0,0,42900.00,0
"Wright,Raymond",360-433-7335,69630,0,0,69630.00,0
"Gould,Edward",360-730-6637,83050,0,0,83050.00,0
"Wilson,Raymond",253-524-7171,4290,0,0,0,4290.00
"Martin,Michael",206-242-7002,4950,0,0,4950.00,0
"Smith,Frank",206-513-9828,2970,0,0,0,2970.00
"Cole,Catherine",253-706-9433,102410,0,0,102410.00,0
"Barber,Joshua",360-627-5214,2970,0,0,0,2970.00
"Hendricks,Daniel",509-236-9843,6050,0,0,0,6050.00
"Walker,Kelly",253-956-8222,15180,0,0,0,15180.00
"Brooks,Melissa",360-831-8830,2970,0,0,0,2970.00
"Johnson,Stephen",206-498-5296,1650,0,0,0,1650.00
"Foster,Ronald",360-919-2747,12430,0,12430.00,0,0
"Vaughan,Gabriel",509-632-6243,2970,0,0,2970.00,0
"Williams,Elizabeth",206-950-3709,19800,0,0,0,19800.00
"Mcdaniel,Anthony",360-241-6339,4290,0,4290.00,0,0
"Newman,Susan",360-319-9184,9240,0,0,9240.00,0
"Gamble,Larry",509-477-8642,1320,0,1320.00,0,0
