Customer Name,Customer_id,Phone number,Total current AR,Within 10 days,Within 20 days ,Within 30 days,Over 30 days
"Adams,Anthony",WUK621,360-103-3136,135850.00,38,0,0,0,135850.00
"Adams,Cheryl",LGE001,360-138-3987,6820.00,36,0,0,0,6820.00
"Adams,Jeremy",OCE516,253-915-6286,31350.00,29,0,0,31350.00,0
"Alvarado,Nicholas",WRY029,360-576-9694,3331680.00,17,0,3331680.00,0,0
"Alvarez,Christopher",CIT440,253-153-4816,2090.00,16,0,2090.00,0,0
"Alvarez,James",MIZ191,253-160-5650,1320.00,25,0,0,1320.00,0
"Anderson,Danielle",BFX214,253-277-7512,11660.00,33,0,0,0,11660.00
"Anderson,Megan",ZEB620,253-152-5487,8250.00,17,0,8250.00,0,0
"Andrews,Thomas",TRG781,253-699-3219,3190.00,17,0,3190.00,0,0
"Austin,Richard",RIZ591,360-750-6615,16500.00,41,0,0,0,16500.00
"Austin,Stephanie",SSV440,509-415-6150,6710.00,25,0,0,6710.00,0
"Bailey,Sara",WBX573,509-142-3668,13970.00,32,0,0,0,13970.00
"Baker,David",SZD829,360-300-6778,3960.00,28,0,0,3960.00,0
"Baker,Robert",FRF453,360-948-8468,11660.00,28,0,0,11660.00,0
"Baldwin,Christian",OXQ085,360-386-6046,2860.00,32,0,0,0,2860.00
"Ballard,Michael",UDL113,360-248-5025,1650.00,36,0,0,0,1650.00
"Barber,Joshua",XBC986,360-627-5214,2970.00,32,0,0,0,2970.00
"Barnes,Jennifer",UGD176,425-931-3934,7260.00,29,0,0,7260.00,0
"Barnes,Matthew",JGX662,425-739-5069,7150.00,44,0,0,0,7150.00
"Barrett,William",NSZ867,360-447-4042,2970.00,43,0,0,0,2970.00
"Bass,Lisa",RDJ017,360-349-5896,10890.00,22,0,0,10890.00,0
"Becker,Mary",GHN363,360-537-1775,1320.00,22,0,0,1320.00,0
"Bell,James",VWL262,509-502-2708,4950.00,38,0,0,0,4950.00
"Bennett,Sarah",RET625,425-167-4102,1650.00,33,0,0,0,1650.00
"Bennett,William",IXY540,425-288-6319,3600080.00,39,0,0,0,3600080.00
"Best,Jonathan",FKQ256,360-162-2337,31350.00,30,0,0,0,31350.00
"Bond,Stephen",WOS888,509-895-6416,15730.00,30,0,0,0,15730.00
"Boyd,James",PWH972,253-904-4345,7040.00,18,0,7040.00,0,0
"Boyd,Kyle",EHF174,253-401-4536,13970.00,26,0,0,13970.00,0
"Boyd,Sarah",SYV513,253-452-9375,9460.00,22,0,0,9460.00,0
"Boyle,Douglas",JPM216,509-443-3994,7040.00,23,0,0,7040.00,0
"Brennan,Richard",WIF109,360-931-8067,12540.00,32,0,0,0,12540.00
"Brooks,Anthony",DRP628,206-944-8482,1650.00,30,0,0,0,1650.00
"Brooks,Melissa",YMR562,360-831-8830,2970.00,39,0,0,0,2970.00
"Brooks,Robert",JIM020,206-880-2402,11550.00,31,0,0,0,11550.00
"Brown,Emily",DWJ131,206-194-1571,3960.00,33,0,0,0,3960.00
"Brown,James",HVB933,206-309-4961,11880.00,25,0,0,11880.00,0
"Brown,William",FMZ949,206-241-3216,15950.00,27,0,0,15950.00,0
"Buchanan,Bobby",QUI021,509-899-4956,11220.00,27,0,0,11220.00,0
"Buchanan,Heather",BGN454,509-516-9070,7040.00,30,0,0,0,7040.00
"Burns,Julia",YJX726,360-671-9354,14080.00,25,0,0,14080.00,0
"Bush,James",VLR541,360-123-9736,126720.00,27,0,0,126720.00,0
"Byers,Katherine",SPL477,509-790-7391,9570.00,34,0,0,0,9570.00
"Byrd,Edward",VPV584,360-482-4615,9130.00,29,0,0,9130.00,0
"Cain,Linda",VEA231,253-196-2115,1320.00,41,0,0,0,1320.00
"Campbell,Donald",WIA721,206-629-8246,6270.00,30,0,0,0,6270.00
"Campbell,Elizabeth",ULB065,206-179-7747,7590.00,28,0,0,7590.00,0
"Cannon,Virginia",MDM832,509-727-6041,3742860.00,19,0,3742860.00,0,0
"Cannon,William",QGU612,509-585-2485,1320.00,19,0,1320.00,0,0
"Carey,Jeffrey",JMF055,509-836-1208,11660.00,28,0,0,11660.00,0
"Carpenter,Laura",GVF115,509-293-9059,119680.00,32,0,0,0,119680.00
"Carrillo,Debra",VTS530,509-520-7114,11000.00,39,0,0,0,11000.00
"Carson,Carol",CYR150,360-864-1231,5170.00,38,0,0,0,5170.00
"Carter,Jason",RWY419,253-170-4629,8800.00,33,0,0,0,8800.00
"Chambers,Michael",GDJ238,360-310-4878,1320.00,34,0,0,0,1320.00
"Chan,Christopher",HYX243,509-753-4728,123200.00,38,0,0,0,123200.00
"Chandler,Mary",RZB590,360-901-7083,2970.00,43,0,0,0,2970.00
"Chapman,Doris",LZQ861,425-712-9717,6270.00,42,0,0,0,6270.00
"Chavez,Jeremy",WYU201,509-558-6921,22440.00,26,0,0,22440.00,0
"Clark,Cheryl",XCE094,253-881-6792,61380.00,39,0,0,0,61380.00
"Clark,Joshua",DVS621,253-550-3433,9350.00,41,0,0,0,9350.00
"Clark,Michael",YUH411,253-320-9078,2970.00,23,0,0,2970.00,0
"Clayton,Matthew",TFJ153,360-406-4265,1320.00,38,0,0,0,1320.00
"Cole,Catherine",HYB334,253-706-9433,102410.00,28,0,0,102410.00,0
"Coleman,James",KWI550,509-598-9694,2970.00,44,0,0,0,2970.00
"Cole,Robert",AKJ742,253-587-5170,16170.00,20,0,0,16170.00,0
"Collins,Gloria",ULJ214,425-369-9732,1650.00,24,0,0,1650.00,0
"Conley,Barbara",ZPU866,509-851-8409,6600.00,46,0,0,0,6600.00
"Conley,Joseph",VPR913,509-346-2296,6710.00,33,0,0,0,6710.00
"Conley,Justin",SZU002,509-977-6042,4620.00,42,0,0,0,4620.00
"Contreras,Bruce",TYU642,509-729-5899,2970.00,38,0,0,0,2970.00
"Cook,Judy",YAP937,206-657-7527,16940.00,32,0,0,0,16940.00
"Cook,Laura",JSI508,206-845-1862,4290.00,31,0,0,0,4290.00
"Cook,Robert",HOG740,253-847-7724,27720.00,19,0,27720.00,0,0
"Cooley,Matthew",MAI280,509-651-7980,5500.00,18,0,5500.00,0,0
"Cooper,Christopher",QSO639,253-796-8321,4950.00,36,0,0,0,4950.00
"Cox,Ethan",WKS378,425-104-2124,30250.00,41,0,0,0,30250.00
"Crawford,Nancy",FPJ699,360-974-4159,5940.00,33,0,0,0,5940.00
"Cummings,Linda",RLF092,360-110-1121,1430.00,38,0,0,0,1430.00
"Cunningham,Alan",ZSJ720,253-873-3932,4840.00,33,0,0,0,4840.00
"Cunningham,Stephen",MXT835,253-621-3266,8030.00,23,0,0,8030.00,0
"Daniels,Betty",PTT644,425-720-1122,3736150.00,20,0,0,3736150.00,0
"Daniels,Roy",IPJ001,425-246-1672,85910.00,34,0,0,0,85910.00
"Davis,Bryan",AAY363,509-372-3777,770.00,32,0,0,0,770.00
"Davis,Charlotte",HTK299,509-490-3562,2970.00,31,0,0,0,2970.00
"Davis,Christopher",UFX663,206-816-9100,87670.00,19,0,87670.00,0,0
"Davis,Edward",FDJ858,509-309-4961,4950.00,26,0,0,4950.00,0
"Davis,Frank",WFB194,206-976-3469,6270.00,29,0,0,6270.00,0
"Davis,Jesse",YGN153,509-389-5591,7590.00,35,0,0,0,7590.00
"Davis,Karen",SSR539,509-290-2833,13860.00,26,0,0,13860.00,0
"Davis,Lisa",NOI909,509-678-4840,10230.00,46,0,0,0,10230.00
"Davis,Mary",SLC356,253-937-8396,13640.00,23,0,0,13640.00,0
"Dean,Nathan",XRT657,360-544-6854,2970.00,28,0,0,2970.00,0
"Diaz,John",GSI519,425-317-6847,1320.00,45,0,0,0,1320.00
"Diaz,Kelly",KIH597,425-442-1027,6930.00,46,0,0,0,6930.00
"Dickson,Barbara",HCI446,509-797-4730,27720.00,42,0,0,0,27720.00
"Dixon,Paul",EHK258,509-881-6792,6380.00,28,0,0,6380.00,0
"Donaldson,Sara",JSB421,509-972-4096,3606240.00,46,0,0,0,3606240.00
"Dotson,Grace",WQM948,360-419-4469,13420.00,36,0,0,0,13420.00
"Douglas,Christina",FOM931,360-674-3587,1320.00,27,0,0,1320.00,0
"Duke,Michael",XSV950,360-822-2336,20240.00,26,0,0,20240.00,0
"Durham,Stephen",GOO312,509-683-7218,144210.00,41,0,0,0,144210.00
"Edwards,Isabella",PQC870,206-352-3898,11770.00,32,0,0,0,11770.00
"Edwards,John",KWE080,206-425-8668,9460.00,43,0,0,0,9460.00
"Edwards,Patrick",VEV189,425-274-2298,1320.00,25,0,0,1320.00,0
"Ellis,Joseph",GQS364,360-564-1776,6490.00,42,0,0,0,6490.00
"Ellis,Joseph",ZND557,360-688-6524,2640.00,16,0,2640.00,0,0
"England,William",PGA407,509-294-5776,83490.00,40,0,0,0,83490.00
"Estrada,Robert",LJI113,360-677-5175,1320.00,18,0,1320.00,0,0
"Evans,Michael",FPV417,206-317-6847,3417480.00,19,0,3417480.00,0,0
"Farley,Matthew",ZTW055,360-406-9996,44550.00,42,0,0,0,44550.00
"Ferrell,Christian",DYR353,509-404-7306,29700.00,29,0,0,29700.00,0
"Finch,Betty",HQS911,509-413-5770,21120.00,30,0,0,0,21120.00
"Finch,Mark",AGI246,509-310-2074,15510.00,20,0,0,15510.00,0
"Fisher,Benjamin",JOS352,509-517-7615,3850.00,34,0,0,0,3850.00
"Fisher,Donald",EQD551,360-600-7762,1320.00,37,0,0,0,1320.00
"Fisher,John",EHU134,360-522-6384,2970.00,25,0,0,2970.00,0
"Flores,David",STF605,425-121-4669,4290.00,23,0,0,4290.00,0
"Flores,Richard",GWH352,425-104-4078,2420.00,35,0,0,0,2420.00
"Flowers,Benjamin",ITA136,360-713-6103,4290.00,27,0,0,4290.00,0
"Floyd,Carl",DRE015,360-444-3013,1650.00,41,0,0,0,1650.00
"Floyd,Judith",HAL560,360-986-3951,16280.00,39,0,0,0,16280.00
"Ford,Zachary",RFU752,253-561-9639,5610.00,18,0,5610.00,0,0
"Foster,Frances",LTS178,360-182-4624,63910.00,17,0,63910.00,0,0
"Foster,Ronald",LYQ219,360-919-2747,12430.00,16,0,12430.00,0,0
"Fowler,James",OYH021,360-696-4738,2640.00,20,0,0,2640.00,0
"Fox,Eric",ICS637,253-260-1518,4620.00,30,0,0,0,4620.00
"Francis,Judy",THA934,360-683-1683,1320.00,27,0,0,1320.00,0
"Freeman,Logan",SUL320,253-629-8246,9130.00,29,0,0,9130.00,0
"Fry,Amanda",QPJ086,360-379-5174,1320.00,37,0,0,0,1320.00
"Fulton,Tyler",UPR924,509-902-7777,15840.00,17,0,15840.00,0,0
"Gallagher,Justin",HWE801,509-651-2561,57970.00,26,0,0,57970.00,0
"Gamble,Larry",EIX687,509-477-8642,1320.00,18,0,1320.00,0,0
"Gardner,John",NYW625,253-405-6701,12320.00,44,0,0,0,12320.00
"Garner,Mary",WVS165,360-314-5806,16500.00,38,0,0,0,16500.00
"Garrett,Robert",UIW331,360-796-2287,3707330.00,25,0,0,3707330.00,0
"Garza,George",ODS530,360-888-4254,12760.00,41,0,0,0,12760.00
"Gibson,John",WOF603,425-954-5686,6930.00,23,0,0,6930.00,0
"Gilbert,Arthur",VVE118,360-675-4697,12100.00,38,0,0,0,12100.00
"Gilbert,Barbara",TNJ449,360-264-1706,2970.00,42,0,0,0,2970.00
"Gomez,Jonathan",BPK981,253-619-5030,16500.00,16,0,16500.00,0,0
"Gonzales,Cynthia",YPO509,253-273-4622,5170.00,40,0,0,0,5170.00
"Gonzales,Lisa",GSL694,360-594-5329,3577310.00,37,0,0,0,3577310.00
"Gonzalez,Cheryl",VMF461,360-439-2789,3410.00,28,0,0,3410.00,0
"Gonzalez,Jessica",ZEE141,360-460-5304,10120.00,43,0,0,0,10120.00
"Goodwin,Peter",MJB795,509-479-8186,5280.00,35,0,0,0,5280.00
"Gould,Edward",TRE596,360-730-6637,83050.00,20,0,0,83050.00,0
"Graham,Jason",CUV866,425-314-7988,1650.00,43,0,0,0,1650.00
"Graham,Justin",JAH558,425-265-4447,5610.00,25,0,0,5610.00,0
"Grant,Catherine",LSJ703,509-395-6938,58520.00,32,0,0,0,58520.00
"Grant,David",TAP248,509-109-2993,12100.00,25,0,0,12100.00,0
"Grant,Jerry",LEM329,509-850-7046,2750.00,36,0,0,0,2750.00
"Graves,Adam",WYE368,425-384-3549,4840.00,34,0,0,0,4840.00
"Gray,Madison",KKF442,425-563-9165,14520.00,36,0,0,0,14520.00
"Green,Patrick",APK355,253-153-9532,32340.00,24,0,0,32340.00,0
"Green,Randy",XCU520,253-984-1099,5830.00,26,0,0,5830.00,0
"Green,Shirley",FML675,253-135-1327,9240.00,18,0,9240.00,0,0
"Greer,Kenneth",HRC357,360-831-4557,11440.00,23,0,0,11440.00,0
"Greer,Robert",YIL419,360-517-2311,6160.00,35,0,0,0,6160.00
"Griffin,Linda",DNK141,206-236-6748,2970.00,27,0,0,2970.00,0
"Gutierrez,Jordan",REW610,509-336-6281,7260.00,18,0,7260.00,0,0
"Hale,Larry",UGI593,360-510-6370,1650.00,19,0,1650.00,0,0
"Hale,William",LOP592,360-538-4254,3575000.00,26,0,0,3575000.00,0
"Haley,Carol",JLM509,509-499-5735,10450.00,44,0,0,0,10450.00
"Hall,Adam",MYW912,253-460-7261,7590.00,22,0,0,7590.00,0
"Hall,Ralph",SGH323,253-656-4122,4950.00,43,0,0,0,4950.00
"Hamilton,Dennis",EFT262,253-389-8264,550.00,41,0,0,0,550.00
"Hampton,Mary",UQK135,999-582-8501,6820.00,23,0,0,6820.00,0
"Hancock,Christopher",VWL276,509-416-8465,64130.00,43,0,0,0,64130.00
"Hansen,John",HZL634,253-522-6384,2970.00,24,0,0,2970.00,0
"Harrington,William",CCP253,360-220-8976,162250.00,20,0,0,162250.00,0
"Harris,Cynthia",QBQ811,206-879-9325,4290.00,32,0,0,0,4290.00
"Harris,Lawrence",BFO059,206-685-4007,8250.00,38,0,0,0,8250.00
"Harris,Melissa",ABR097,206-677-7102,21450.00,40,0,0,0,21450.00
"Harvey,Jennifer",WOU763,360-696-4002,2970.00,34,0,0,0,2970.00
"Hawkins,Brandon",CAK327,425-155-2838,2530.00,31,0,0,0,2530.00
"Haynes,Bobby",YHL341,360-855-8871,12980.00,32,0,0,0,12980.00
"Heath,Brenda",FRF081,509-433-9376,10340.00,37,0,0,0,10340.00
"Hendricks,Daniel",UUM817,509-236-9843,6050.00,39,0,0,0,6050.00
"Henry,James",RCF925,253-867-5598,10450.00,20,0,0,10450.00,0
"Herman,Deborah",GBZ761,509-390-9809,1650.00,28,0,0,1650.00,0
"Hernandez,Dennis",MXK318,425-546-3832,2970.00,42,0,0,0,2970.00
"Hernandez,Dennis",YRU043,425-114-5731,60500.00,27,0,0,60500.00,0
"Hernandez,Susan",SJO703,425-855-6702,3740440.00,29,0,0,3740440.00,0
"Hicks,Eugene",HWU522,360-152-1405,3717890.00,42,0,0,0,3717890.00
"Hicks,William",XDM006,360-741-5634,7810.00,45,0,0,0,7810.00
"Hill,Thomas",IXT084,425-845-3208,40920.00,44,0,0,0,40920.00
"Hoffman,Andrew",EET141,360-347-1087,7150.00,18,0,7150.00,0,0
"Hoffman,Sarah",RMG341,360-345-2031,13310.00,44,0,0,0,13310.00
"Hood,Kimberly",CDM680,360-947-7246,1650.00,28,0,0,1650.00,0
"Hopper,Vincent",IPZ665,360-935-4208,440.00,22,0,0,440.00,0
"Howard,Barbara",DWR531,425-182-6246,2970.00,30,0,0,0,2970.00
"Howard,David",TBF373,425-639-8453,66000.00,35,0,0,0,66000.00
"Howard,Evelyn",FCU623,425-551-3863,3300.00,44,0,0,0,3300.00
"Howard,Kenneth",HSB578,425-830-7831,3410.00,34,0,0,0,3410.00
"Howard,Thomas",OHM039,425-930-4100,10670.00,22,0,0,10670.00,0
"Hudson,Joan",DAB775,425-587-4769,28050.00,34,0,0,0,28050.00
"Hunter,Mary",CNX613,360-587-4769,4290.00,39,0,0,0,4290.00
"Hunter,Rebecca",LVP430,360-290-3448,14190.00,36,0,0,0,14190.00
"Hurley,Daniel",BAV649,509-677-8939,16500.00,39,0,0,0,16500.00
"Irwin,Ralph",JUY742,360-851-6639,6270.00,35,0,0,0,6270.00
"Jackson,Barbara",QVW372,509-151-2668,1320.00,28,0,0,1320.00,0
"Jackson,Jeremy",GLI575,509-751-8584,1650.00,21,0,0,1650.00,0
"Jackson,John",BLX297,509-347-3682,2970.00,27,0,0,2970.00,0
"Jackson,Michael",IEU938,509-133-4035,8910.00,27,0,0,8910.00,0
"Jackson,Steven",IWX486,509-384-2177,4730.00,44,0,0,0,4730.00
"Jacobs,Maria",IOA525,253-190-4229,18810.00,32,0,0,0,18810.00
"Jarvis,Emily",UVJ289,509-598-9694,70290.00,16,0,70290.00,0,0
"Jennings,Sarah",XYZ540,360-817-6608,15840.00,45,0,0,0,15840.00
"Jimenez,Frank",FXG238,425-347-7841,1650.00,39,0,0,0,1650.00
"Johns,Michael",OHM775,360-800-3181,1650.00,24,0,0,1650.00,0
"Johnson,Arthur",SAP845,206-893-4770,6710.00,25,0,0,6710.00,0
"Johnson,Charlotte",FPF776,206-286-8386,10230.00,40,0,0,0,10230.00
"Johnson,Doris",WIR167,206-553-2879,8360.00,25,0,0,8360.00,0
"Johnson,Harold",UHB069,206-283-6429,61710.00,28,0,0,61710.00,0
"Johnson,Kathleen",HQF567,206-222-6444,13860.00,41,0,0,0,13860.00
"Johnson,Robert",OFI971,206-874-2584,6050.00,40,0,0,0,6050.00
"Johnson,Stephen",WPD284,206-498-5296,1650.00,38,0,0,0,1650.00
"Johnston,Kathryn",RDE559,253-825-3993,2970.00,43,0,0,0,2970.00
"Jones,Christina",FYM212,206-656-4122,6710.00,41,0,0,0,6710.00
"Jones,David",GKZ812,206-351-3026,220.00,45,0,0,0,220.00
"Jones,Emily",TGF940,206-894-9924,3960.00,36,0,0,0,3960.00
"Jones,Kenneth",XLO342,206-290-2833,10670.00,41,0,0,0,10670.00
"Jones,Linda",XCZ105,206-749-1170,7480.00,35,0,0,0,7480.00
"Jones,Martha",GHJ260,206-118-4736,3582920.00,27,0,0,3582920.00,0
"Jones,Robert",LPK498,206-685-4550,15400.00,45,0,0,0,15400.00
"Jones,Robert",RCX517,206-977-6861,11550.00,20,0,0,11550.00,0
"Jones,Shirley",VQV657,206-293-9059,2970.00,41,0,0,0,2970.00
"Jordan,Linda",WTA154,253-464-3113,1650.00,26,0,0,1650.00,0
"Kerr,Paul",WGC028,509-100-8394,7370.00,25,0,0,7370.00,0
"King,Willie",HVM166,360-129-4727,11110.00,16,0,11110.00,0,0
"Klein,John",TLU843,360-513-6179,6820.00,27,0,0,6820.00,0
"Koch,Jeffrey",QNE455,360-955-3815,170940.00,31,0,0,0,170940.00
"Lang,Frank",NNH747,509-786-6257,17160.00,32,0,0,0,17160.00
"Lara,Sharon",SBS717,360-788-2596,15400.00,38,0,0,0,15400.00
"Larson,Robert",OSK408,253-811-8558,6270.00,40,0,0,0,6270.00
"Leach,Shirley",HCM624,360-623-5630,2970.00,22,0,0,2970.00,0
"Lee,Brittany",EXG893,509-503-2620,2970.00,45,0,0,0,2970.00
"Lewis,Matthew",HRG972,425-118-5258,18150.00,32,0,0,0,18150.00
"Lewis,Melissa",FVG096,425-967-4401,5390.00,40,0,0,0,5390.00
"Lopez,Brian",NDS987,425-939-9306,5280.00,26,0,0,5280.00,0
"Love,Jacob",QBH277,509-213-7680,10560.00,35,0,0,0,10560.00
"Love,Samuel",DMJ676,509-140-8514,1870.00,20,0,0,1870.00,0
"Lowe,Melissa",ZKR810,360-238-3358,1650.00,23,0,0,1650.00,0
"Lowery,Kevin",HLF016,360-406-2116,4290.00,28,0,0,4290.00,0
"Lowery,Michael",DJO043,360-506-4419,12100.00,45,0,0,0,12100.00
"Lynch,Henry",ECN256,360-110-1121,64900.00,28,0,0,64900.00,0
"Maldonado,Virginia",ICB274,360-392-9475,6270.00,37,0,0,0,6270.00
"Marks,Mary",KQF393,360-764-2927,2970.00,38,0,0,0,2970.00
"Marshall,Eric",UKN587,253-498-5296,6820.00,21,0,0,6820.00,0
"Martin,Alan",TTJ721,206-452-1279,39600.00,38,0,0,0,39600.00
"Martin,Austin",UNH986,206-146-8411,9240.00,35,0,0,0,9240.00
"Martin,Emily",YOL171,206-478-5914,6380.00,24,0,0,6380.00,0
"Martinez,Brandon",POH333,509-523-7476,9460.00,23,0,0,9460.00,0
"Martin,Jack",VFL699,206-477-9427,1320.00,35,0,0,0,1320.00
"Martin,Joseph",NBJ861,206-900-8891,1980.00,35,0,0,0,1980.00
"Martin,Michael",OBW293,206-242-7002,4950.00,23,0,0,4950.00,0
"Martin,William",ESD045,206-336-5720,3300.00,33,0,0,0,3300.00
"Mason,Cheryl",UMG233,253-681-3174,2970.00,37,0,0,0,2970.00
"Mathews,Nathan",IBM911,360-477-2527,2970.00,32,0,0,0,2970.00
"Maxwell,Dorothy",HPP414,360-715-9009,1320.00,32,0,0,0,1320.00
"Maynard,George",QBE151,360-939-9306,3575000.00,35,0,0,0,3575000.00
"Mcconnell,Charlotte",WQH151,509-215-9906,8360.00,36,0,0,0,8360.00
"Mcdaniel,Anthony",VUS154,360-241-6339,4290.00,19,0,4290.00,0,0
"Mcfadden,Richard",BGQ262,999-631-7044,87120.00,30,0,0,0,87120.00
"Mcfarland,Joseph",AGE347,360-288-1700,2970.00,26,0,0,2970.00,0
"Mckay,Aaron",NTM367,509-209-1498,4290.00,32,0,0,0,4290.00
"Mckay,Nathan",ONC532,509-264-2849,130350.00,32,0,0,0,130350.00
"Mendoza,Ashley",BAL665,360-561-7220,25850.00,17,0,25850.00,0,0
"Mendoza,Gerald",BAR725,360-158-4670,8140.00,32,0,0,0,8140.00
"Mendoza,Nicholas",EHK942,360-574-8818,1650.00,33,0,0,0,1650.00
"Mercer,Charles",ZWG173,360-821-6344,9240.00,37,0,0,0,9240.00
"Miller,Barbara",NEC300,206-879-5842,2750.00,36,0,0,0,2750.00
"Miller,Donald",VMX140,206-779-8764,7590.00,32,0,0,0,7590.00
"Miller,Janet",XCL813,206-422-7699,29370.00,17,0,29370.00,0,0
"Miller,Joseph",RNZ941,253-495-7634,11000.00,20,0,0,11000.00,0
"Miller,Justin",UED505,206-830-1208,2970.00,16,0,2970.00,0,0
"Miller,Karen",IIA462,253-346-2296,106150.00,44,0,0,0,106150.00
"Miller,Patricia",QBQ138,206-528-7182,6160.00,40,0,0,0,6160.00
"Mills,John",RCC872,999-759-6580,20900.00,20,0,0,20900.00,0
"Mitchell,Gabriel",TIY692,253-857-2257,1320.00,20,0,0,1320.00,0
"Mitchell,Jonathan",QGN495,253-758-6312,1320.00,16,0,1320.00,0,0
"Montgomery,Heather",LWO971,425-939-9306,120450.00,22,0,0,120450.00,0
"Mooney,Edward",ALJ367,509-990-7218,4950.00,27,0,0,4950.00,0
"Moore,Nancy",DMJ483,253-142-1203,11880.00,26,0,0,11880.00,0
"Moore,Nicholas",NOU086,253-538-4137,8250.00,29,0,0,8250.00,0
"Moreno,Judith",NSU732,360-422-1276,12210.00,30,0,0,0,12210.00
"Morgan,Samuel",UQD956,253-278-5844,6270.00,37,0,0,0,6270.00
"Morrison,James",NWH160,253-329-9786,11770.00,16,0,11770.00,0,0
"Morse,James",NZN876,425-396-9691,11660.00,29,0,0,11660.00,0
"Munoz,John",RHK743,360-929-8973,6930.00,25,0,0,6930.00,0
"Munoz,Scott",CCV606,360-495-7634,3190.00,24,0,0,3190.00,0
"Murphy,Raymond",UVR928,509-825-3993,6930.00,23,0,0,6930.00,0
"Murray,Janice",MYP321,253-210-7010,1320.00,28,0,0,1320.00,0
"Murray,Jessica",LMP284,253-726-3558,1650.00,45,0,0,0,1650.00
"Nelson,Mary",WLZ251,360-730-6384,3705240.00,39,0,0,0,3705240.00
"Nelson,Michelle",CGF222,206-731-3747,15290.00,39,0,0,0,15290.00
"Nelson,Ryan",YSL001,360-989-7921,4290.00,27,0,0,4290.00,0
"Newman,Jennifer",TJH969,360-907-5040,11220.00,22,0,0,11220.00,0
"Newman,Susan",XUR803,360-319-9184,9240.00,24,0,0,9240.00,0
"Nguyen,Deborah",JTP063,360-365-6221,19580.00,19,0,19580.00,0,0
"Norris,Daniel",GTY219,360-583-3543,8140.00,38,0,0,0,8140.00
"Norton,Martha",FWR975,509-460-4697,12320.00,46,0,0,0,12320.00
"Oliver,Amanda",FDS191,425-195-8148,2970.00,25,0,0,2970.00,0
"Ortega,Kelly",AWJ663,425-477-8642,8690.00,43,0,0,0,8690.00
"Ortiz,David",FBE152,253-386-5501,7700.00,16,0,7700.00,0,0
"Parker,Thomas",IQZ955,425-584-1897,13310.00,18,0,13310.00,0,0
"Parker,William",ZHL762,425-868-1849,12650.00,34,0,0,0,12650.00
"Park,Stephen",YDN106,360-543-4693,8470.00,42,0,0,0,8470.00
"Parsons,Jose",YIV653,509-157-2408,3960.00,43,0,0,0,3960.00
"Patterson,Helen",FIE031,360-874-4250,8250.00,20,0,0,8250.00,0
"Patterson,Nicholas",ZHG300,360-422-6807,9020.00,32,0,0,0,9020.00
"Patterson,Thomas",PWX574,360-241-6339,220.00,43,0,0,0,220.00
"Patton,Joseph",YZP880,425-783-8487,23100.00,45,0,0,0,23100.00
"Paul,Samantha",PGN301,509-698-5908,4290.00,32,0,0,0,4290.00
"Pearson,Alexis",QOY901,360-968-8404,3729880.00,38,0,0,0,3729880.00
"Perez,Rachel",VHL908,253-992-1064,19800.00,16,0,19800.00,0,0
"Perkins,Eric",WZC418,425-193-2688,1650.00,23,0,0,1650.00,0
"Perry,Kenneth",CJQ548,425-503-4253,11440.00,29,0,0,11440.00,0
"Peters,Carolyn",SMW877,360-370-9836,11550.00,41,0,0,0,11550.00
"Petersen,Amy",MIK102,509-379-9615,3960.00,30,0,0,0,3960.00
"Peterson,Margaret",BTZ779,425-404-8525,9350.00,20,0,0,9350.00,0
"Petty,Helen",KMN574,360-750-1209,11110.00,35,0,0,0,11110.00
"Phillips,Danielle",FTE905,425-818-9698,42900.00,25,0,0,42900.00,0
"Phillips,Deborah",ZQE228,360-366-3346,990.00,33,0,0,0,990.00
"Phillips,Scott",BWJ110,360-523-3720,17820.00,37,0,0,0,17820.00
"Pickett,Kevin",TWX973,509-431-8082,4620.00,25,0,0,4620.00,0
"Pratt,Amy",KUH566,360-183-2763,6160.00,21,0,0,6160.00,0
"Price,Judith",LIU565,360-606-3846,1980.00,45,0,0,0,1980.00
"Quinn,David",UOQ315,360-824-6627,1870.00,35,0,0,0,1870.00
"Ramirez,Kimberly",OUN200,425-570-6619,5280.00,32,0,0,0,5280.00
"Ramirez,Kyle",VEA792,425-743-5368,12540.00,31,0,0,0,12540.00
"Ramirez,Paul",MHR474,425-677-8939,113850.00,25,0,0,113850.00,0
"Ramsey,Amy",LHK519,253-797-6620,2970.00,37,0,0,0,2970.00
"Ramsey,Sharon",HJN419,253-377-2277,81950.00,46,0,0,0,81950.00
"Ray,Justin",JWH892,360-489-2593,35750.00,24,0,0,35750.00,0
"Reed,Natalie",NLT466,206-267-4174,6270.00,36,0,0,0,6270.00
"Reeves,Mark",ZPI835,360-127-9965,9020.00,38,0,0,0,9020.00
"Reeves,William",KNU952,360-135-5239,1320.00,40,0,0,0,1320.00
"Reid,Amanda",HVZ772,253-514-4773,1650.00,19,0,1650.00,0,0
"Reynolds,William",STS734,509-725-1385,51590.00,34,0,0,0,51590.00
"Richardson,Joyce",PYD118,253-723-6868,11550.00,24,0,0,11550.00,0
"Riggs,Austin",RII130,509-518-9647,1320.00,23,0,0,1320.00,0
"Rivera,Angela",NBJ277,425-974-9275,4290.00,43,0,0,0,4290.00
"Rivera,Julia",JZK525,425-444-1270,2530.00,33,0,0,0,2530.00
"Rivera,Ryan",FXU477,425-424-3834,107140.00,26,0,0,107140.00,0
"Roach,Jason",ETG317,360-833-3507,4950.00,42,0,0,0,4950.00
"Robbins,Amy",MNG427,360-855-1420,3372930.00,28,0,0,3372930.00,0
"Robbins,James",THV167,360-470-6914,8250.00,36,0,0,0,8250.00
"Robbins,Judith",CBE514,360-517-8258,4840.00,39,0,0,0,4840.00
"Roberts,Kimberly",KFN021,425-663-7132,4730.00,33,0,0,0,4730.00
"Robinson,Edward",VPG296,253-698-3602,38280.00,40,0,0,0,38280.00
"Robinson,Teresa",OFO384,253-398-9363,4950.00,32,0,0,0,4950.00
"Rodriguez,Edward",TWB387,425-657-7720,6270.00,46,0,0,0,6270.00
"Rodriguez,Robert",JRU984,253-716-2411,8030.00,27,0,0,8030.00,0
"Rodriguez,Tyler",EWJ400,425-156-4483,6270.00,32,0,0,0,6270.00
"Rollins,Paul",ZTM902,999-364-9467,10340.00,23,0,0,10340.00,0
"Romero,Anthony",UOM762,360-701-9860,6270.00,45,0,0,0,6270.00
"Rosales,Deborah",HKU771,360-430-5441,3300.00,31,0,0,0,3300.00
"Rosario,Virginia",ARR363,509-151-3011,70290.00,37,0,0,0,70290.00
"Rose,Lisa",BPK811,360-109-2993,1760.00,36,0,0,0,1760.00
"Ross,Eric",XQC500,425-544-6854,5170.00,33,0,0,0,5170.00
"Ross,Victoria",IVA700,425-360-3641,6710.00,16,0,6710.00,0,0
"Roy,Randy",ZLJ429,425-201-6296,5170.00,44,0,0,0,5170.00
"Russell,Betty",UJZ814,206-195-7436,12210.00,22,0,0,12210.00,0
"Russell,Richard",MFH489,206-280-6868,132000.00,43,0,0,0,132000.00
"Sanchez,Kelly",SLH289,425-674-2181,4290.00,32,0,0,0,4290.00
"Sanders,Stephen",KYO716,360-685-4550,1540.00,34,0,0,0,1540.00
"Sandoval,Stephen",PPK345,360-310-2074,9240.00,39,0,0,0,9240.00
"Sanford,Mary",MRW514,509-439-2789,69300.00,26,0,0,69300.00,0
"Savage,Stephanie",QOX133,360-980-5315,1650.00,45,0,0,0,1650.00
"Schmidt,Susan",GUX873,206-306-1687,1320.00,17,0,1320.00,0,0
"Scott,John",XME370,425-663-7132,3325850.00,21,0,0,3325850.00,0
"Scott,Matthew",ZBH742,425-540-7260,1540.00,35,0,0,0,1540.00
"Scott,Stephen",ZIX123,253-824-4638,3080.00,17,0,3080.00,0,0
"Shaffer,Lauren",TRN266,360-142-5658,2530.00,27,0,0,2530.00,0
"Sharp,Gabriel",AHA684,360-865-7965,4620.00,28,0,0,4620.00,0
"Shields,Linda",PHB836,360-950-3404,54120.00,41,0,0,0,54120.00
"Simmons,Christine",MTC151,360-824-4638,5170.00,27,0,0,5170.00,0
"Simmons,Richard",JHV612,360-521-1457,5610.00,34,0,0,0,5610.00
"Simmons,Robert",TYC740,360-664-2258,2970.00,32,0,0,0,2970.00
"Simon,Madison",NDH402,360-927-3578,4400.00,20,0,0,4400.00,0
"Simpson,Amanda",YCE198,509-759-1255,5500.00,25,0,0,5500.00,0
"Skinner,Elizabeth",QFS583,509-683-7218,1430.00,40,0,0,0,1430.00
"Smith,Angela",UYL807,206-906-7132,44000.00,41,0,0,0,44000.00
"Smith,Barbara",HOT627,206-338-1579,42570.00,19,0,42570.00,0,0
"Smith,Daniel",QTA969,206-351-4009,8690.00,34,0,0,0,8690.00
"Smith,Donna",DIJ876,206-535-6313,3080.00,23,0,0,3080.00,0
"Smith,Elizabeth",JFS170,206-631-9968,4180.00,38,0,0,0,4180.00
"Smith,Frank",RVR905,206-513-9828,2970.00,43,0,0,0,2970.00
"Smith,Joseph",YHO109,206-175-4307,8360.00,46,0,0,0,8360.00
"Smith,Louis",XPR299,206-583-4136,10340.00,42,0,0,0,10340.00
"Smith,Maria",SXW985,206-700-6672,10780.00,32,0,0,0,10780.00
"Smith,Melissa",GVL437,206-334-3657,3960.00,44,0,0,0,3960.00
"Smith,Stephen",DFY381,206-601-4391,42020.00,38,0,0,0,42020.00
"Smith,Stephen",KEV298,206-314-3278,1650.00,46,0,0,0,1650.00
"Smith,Susan",JMB336,206-210-1396,32890.00,38,0,0,0,32890.00
"Sparks,Isabella",ZMI102,360-333-5887,5830.00,21,0,0,5830.00,0
"Spencer,Donald",XSB266,253-847-7724,61380.00,39,0,0,0,61380.00
"Spencer,John",IYM453,253-967-3222,4510.00,45,0,0,0,4510.00
"Stanley,Michael",ZRG482,360-429-3694,1650.00,40,0,0,0,1650.00
"Stanley,Richard",FWO558,360-924-6891,6160.00,34,0,0,0,6160.00
"Stark,Robert",KWP581,509-542-5262,6160.00,20,0,0,6160.00,0
"Steele,Susan",NWV518,509-361-3566,3080.00,16,0,3080.00,0,0
"Stephens,Logan",QUM979,425-145-6736,12870.00,27,0,0,12870.00,0
"Stephens,Raymond",EIG223,425-759-4997,12210.00,18,0,12210.00,0,0
"Stewart,Elizabeth",VSP364,425-741-5634,1650.00,29,0,0,1650.00,0
"Stewart,Jennifer",YCX213,425-924-6891,1320.00,34,0,0,0,1320.00
"Stewart,Kevin",XBK112,425-766-4294,6930.00,45,0,0,0,6930.00
"Stewart,Michael",VZW762,425-406-9882,4950.00,24,0,0,4950.00,0
"Stewart,Willie",VTN790,425-903-3741,1650.00,42,0,0,0,1650.00
"Stout,Roger",PUU278,360-870-1552,1320.00,20,0,0,1320.00,0
"Sutton,Wayne",WIY142,360-975-6197,4510.00,40,0,0,0,4510.00
"Sweet,James",UUB796,509-443-3994,15950.00,28,0,0,15950.00,0
"Taylor,Donald",JJR919,425-437-9398,7370.00,46,0,0,0,7370.00
"Taylor,Johnny",AHN888,360-344-5423,16720.00,39,0,0,0,16720.00
"Taylor,Patrick",DYO780,253-406-4914,9020.00,16,0,9020.00,0,0
"Taylor,William",AVM628,360-462-2111,5500.00,43,0,0,0,5500.00
"Thomas,Edward",YKZ313,253-530-2693,11220.00,37,0,0,0,11220.00
"Thomas,Patrick",ZAE893,509-701-5693,1320.00,45,0,0,0,1320.00
"Thompson,Samantha",DFV199,206-215-1214,15180.00,31,0,0,0,15180.00
"Thompson,Samantha",VDJ415,206-227-3298,4730.00,44,0,0,0,4730.00
"Thompson,Theresa",TZG527,206-217-2090,660.00,34,0,0,0,660.00
"Thornton,Cynthia",RNZ070,360-320-3502,22440.00,29,0,0,22440.00,0
"Torres,Bryan",XIJ608,253-975-5862,7040.00,20,0,0,7040.00,0
"Torres,Joseph",SYP747,253-571-1593,3676530.00,30,0,0,0,3676530.00
"Tran,Melissa",KNW044,360-541-8823,8250.00,40,0,0,0,8250.00
"Trujillo,David",TGR477,509-454-4388,161700.00,41,0,0,0,161700.00
"Turner,Frances",JXR839,425-933-7313,3300000.00,35,0,0,0,3300000.00
"Vargas,Randy",EVK407,360-502-9623,3300.00,42,0,0,0,3300.00
"Vaughan,Gabriel",PFJ444,509-632-6243,2970.00,29,0,0,2970.00,0
"Vaughn,Kathleen",EDL627,360-826-8623,88000.00,35,0,0,0,88000.00
"Vega,Betty",RXD404,360-470-2638,2970.00,27,0,0,2970.00,0
"Velez,Doris",ACC019,425-260-1518,67650.00,23,0,0,67650.00,0
"Wade,Louis",CIE553,360-968-4511,4620.00,29,0,0,4620.00,0
"Walker,Amy",KTC174,253-623-3165,6600.00,41,0,0,0,6600.00
"Walker,Jack",CXS815,253-252-1773,2970.00,22,0,0,2970.00,0
"Walker,Kelly",EJQ814,253-956-8222,15180.00,39,0,0,0,15180.00
"Walton,Sarah",NZA403,509-395-6938,2970.00,18,0,2970.00,0,0
"Ware,Cynthia",ZGC993,509-550-6814,11660.00,32,0,0,0,11660.00
"Ware,Nathan",GEK441,509-539-2188,5830.00,46,0,0,0,5830.00
"Warner,Nicholas",RZS844,360-869-9143,99550.00,32,0,0,0,99550.00
"Warren,James",COW206,360-537-2878,1320.00,31,0,0,0,1320.00
"Washington,Jessica",LSP191,425-567-5183,15180.00,32,0,0,0,15180.00
"Watson,George",ONJ882,206-142-9453,1320.00,44,0,0,0,1320.00
"Watts,Kathleen",VDZ946,253-665-8472,2970.00,22,0,0,2970.00,0
"Weaver,Maria",NWX118,253-606-7736,60500.00,24,0,0,60500.00,0
"Weaver,Ronald",WAV772,999-955-6762,24750.00,35,0,0,0,24750.00
"Webb,Michael",CBJ289,509-711-9346,3850.00,38,0,0,0,3850.00
"Wells,Jessica",YJM957,509-260-1774,11220.00,21,0,0,11220.00,0
"West,Christopher",QPG742,253-502-2708,66000.00,35,0,0,0,66000.00
"West,Jack",ARQ002,253-343-4810,6930.00,38,0,0,0,6930.00
"White,Deborah",WIS446,206-706-9015,3960.00,45,0,0,0,3960.00
"White,Margaret",UDV911,509-811-9116,31350.00,23,0,0,31350.00,0
"White,Ralph",SUD607,509-206-1343,3601400.00,16,0,3601400.00,0,0
"Whitley,Kelly",NAC877,509-317-6936,3576430.00,25,0,0,3576430.00,0
"Wiggins,Edward",TXJ091,360-989-7218,1320.00,19,0,1320.00,0,0
"William,Robert",YQF366,509-915-6184,3671250.00,19,0,3671250.00,0,0
"Williams,Elizabeth",MGF254,206-950-3709,19800.00,34,0,0,0,19800.00
"Williams,John",ZTA624,206-578-5059,9240.00,28,0,0,9240.00,0
"Williams,Shirley",LYW282,206-402-2208,1320.00,40,0,0,0,1320.00
"Williams,William",YHD981,206-830-1208,44880.00,46,0,0,0,44880.00
"Willis,Mary",UTI946,360-640-9776,3581270.00,29,0,0,3581270.00,0
"Wilson,Ashley",VKT552,425-803-6046,11990.00,45,0,0,0,11990.00
"Wilson,Brian",ZUN580,425-657-4669,4950.00,21,0,0,4950.00,0
"Wilson,Dorothy",DED782,425-278-7297,9570.00,38,0,0,0,9570.00
"Wilson,Raymond",SPH407,253-524-7171,4290.00,34,0,0,0,4290.00
"Wise,Joshua",QRR516,999-121-4669,7590.00,46,0,0,0,7590.00
"Wise,Joshua",RQS511,999-172-7940,17380.00,40,0,0,0,17380.00
"Wong,Mary",ANE954,360-894-3292,1320.00,28,0,0,1320.00,0
"Woodard,Joseph",VSL459,360-243-4268,1320.00,40,0,0,0,1320.00
"Wood,Brian",URP418,425-378-5054,12320.00,21,0,0,12320.00,0
"Wood,Carol",MDA151,425-575-3063,1320.00,31,0,0,0,1320.00
"Wood,Lisa",ZDN812,425-111-4244,38940.00,25,0,0,38940.00,0
"Wood,Robert",JXW735,425-310-1922,1320.00,22,0,0,1320.00,0
"Wright,Donald",IFD912,425-951-7693,6380.00,40,0,0,0,6380.00
"Wright,Kathryn",ZTF832,425-753-4728,3300.00,22,0,0,3300.00,0
"Wright,Raymond",KNH519,360-433-7335,69630.00,20,0,0,69630.00,0
"Yates,Kelly",WZI522,360-298-5579,2970.00,41,0,0,0,2970.00
"Young,Anthony",PYI046,425-653-2929,2640.00,32,0,0,0,2640.00
"Young,Thomas",PXG193,425-103-9888,3300.00,38,0,0,0,3300.00
